{"initial_reset_timestamp": 1606716248.8123162, "timestamps": [1606716378.7186522, 1606716491.3266232, 1606716627.9486544, 1606716873.244496, 1606717080.738653, 1606717202.813017, 1606717387.2718203, 1606717520.7444491, 1606717661.1900005, 1606717790.6467063, 1606717914.1546972, 1606718029.468786, 1606718200.9005945, 1606718354.4944587, 1606718447.063617, 1606718604.9426835, 1606718755.7485173, 1606718895.1400397, 1606719005.3127499, 1606719150.2058146, 1606719413.6242073, 1606719527.0655544, 1606719627.6255567, 1606719916.443001, 1606720064.4066184, 1606720206.7650506, 1606720367.0179887, 1606720471.9899752, 1606720606.7620175, 1606720695.8680649, 1606720862.2750797, 1606721041.0926194, 1606721190.9759867, 1606721321.0335317, 1606721442.2318237, 1606721628.878017, 1606721774.4617689, 1606721930.1168242, 1606722079.2344863, 1606722221.5401332, 1606722355.206007, 1606722476.9855042, 1606722646.8846385, 1606722785.9801047, 1606722896.1124306, 1606723103.8210113, 1606723204.4710991, 1606723443.8747878, 1606723588.5736282, 1606723779.8800793, 1606723974.536959, 1606724086.383832, 1606724277.5151432, 1606724466.6974874, 1606724655.94323, 1606724849.4885113, 1606725031.67953, 1606725145.2836406, 1606725389.6176271, 1606725647.1982634, 1606725762.520285, 1606725854.6846168, 1606725974.6614285, 1606726086.2570193, 1606726219.5737038, 1606726337.6063828, 1606726468.7632015, 1606726557.4802828, 1606726688.7654288, 1606726836.2065654, 1606727039.3991356, 1606727228.0752227, 1606727422.219535, 1606727551.9665215, 1606727727.0765862, 1606727842.4413173, 1606727995.5514207], "episode_lengths": [2161, 1657, 2017, 3593, 3041, 1817, 2713, 1937, 2049, 1873, 1777, 1689, 2521, 2249, 1377, 2305, 2201, 2041, 1601, 2129, 3841, 1657, 1489, 4185, 2169, 2097, 2305, 1561, 1977, 1297, 2401, 2561, 2169, 1905, 1785, 2713, 2121, 2281, 2169, 2073, 1953, 1777, 2465, 2041, 1601, 3025, 1473, 3473, 2113, 2785, 2825, 1641, 2753, 2689, 2713, 2793, 2649, 1673, 3529, 3737, 1697, 1361, 1761, 1577, 1913, 1705, 1889, 1297, 1897, 2137, 2937, 2721, 2825, 1897, 2553, 1697, 2217], "episode_rewards": [300.0, 270.0, 380.0, 1270.0, 710.0, 540.0, 940.0, 350.0, 420.0, 440.0, 520.0, 320.0, 1080.0, 330.0, 240.0, 530.0, 430.0, 300.0, 310.0, 340.0, 710.0, 350.0, 250.0, 1670.0, 390.0, 460.0, 360.0, 370.0, 380.0, 210.0, 480.0, 940.0, 400.0, 380.0, 310.0, 1260.0, 750.0, 420.0, 480.0, 400.0, 550.0, 350.0, 590.0, 360.0, 390.0, 1140.0, 160.0, 890.0, 530.0, 2030.0, 1020.0, 340.0, 1310.0, 760.0, 900.0, 500.0, 1030.0, 340.0, 1610.0, 1120.0, 300.0, 190.0, 270.0, 360.0, 360.0, 350.0, 320.0, 190.0, 510.0, 520.0, 880.0, 680.0, 850.0, 380.0, 700.0, 350.0, 390.0], "episode_types": ["t", "t", "t", "t", "t", "t", "t", "t", "t", "t", "t", "t", "t", "t", "t", "t", "t", "t", "t", "t", "t", "t", "t", "t", "t", "t", "t", "t", "t", "t", "t", "t", "t", "t", "t", "t", "t", "t", "t", "t", "t", "t", "t", "t", "t", "t", "t", "t", "t", "t", "t", "t", "t", "t", "t", "t", "t", "t", "t", "t", "t", "t", "t", "t", "t", "t", "t", "t", "t", "t", "t", "t", "t", "t", "t", "t", "t", "t", "t"]}